City_ID,City,Country,Date,Lat,Lng,Max Temp,Humidity,Cloudiness,Wind Speed
0,Latehar,IN,2022-11-08 14:36:50,23.75,84.5,65.55,67,2,2.01
1,Buchanan,LR,2022-11-08 14:31:56,5.8808,-10.0467,82.51,72,93,7.92
2,Faanui,PF,2022-11-08 14:36:51,-16.4833,-151.75,77.74,76,73,11.23
3,Gazanjyk,TM,2022-11-08 14:36:51,39.2446,55.5154,46.65,40,0,18.72
4,Caravelas,BR,2022-11-08 14:36:52,-17.7125,-39.2481,77.86,57,100,6.82
5,Bengkulu,ID,2022-11-08 14:36:52,-3.8004,102.2655,77.54,88,100,4.59
6,Mount Isa,AU,2022-11-08 14:36:53,-20.7333,139.5,76.77,36,76,0.0
7,Bethel,US,2022-11-08 14:33:33,41.3712,-73.414,51.03,50,0,14.97
8,Talnakh,RU,2022-11-08 14:36:53,69.4865,88.3972,-14.08,99,87,4.83
9,Grindavik,IS,2022-11-08 14:36:54,63.8424,-22.4338,41.47,87,0,12.66
10,Payo,ID,2022-11-08 14:36:54,-3.7508,103.6372,74.26,97,100,1.97
11,Nantucket,US,2022-11-08 14:31:56,41.2835,-70.0995,52.09,61,30,27.94
12,Makakilo City,US,2022-11-08 14:36:55,21.3469,-158.0858,75.52,76,0,14.97
13,East London,ZA,2022-11-08 14:36:55,-33.0153,27.9116,65.34,94,40,3.44
14,Prince Rupert,CA,2022-11-08 14:36:56,54.3161,-130.3201,28.09,57,0,10.36
15,Deer Lake,CA,2022-11-08 14:36:56,49.1667,-57.4316,40.86,70,75,18.41
16,Takoradi,GH,2022-11-08 14:33:20,4.8845,-1.7554,83.55,69,30,10.09
17,San Raymundo,GT,2022-11-08 14:36:57,14.7647,-90.5956,63.39,85,52,3.42
18,Cabo San Lucas,MX,2022-11-08 14:32:20,22.8909,-109.9124,74.52,65,7,3.0
19,Avera,US,2022-11-08 14:36:57,33.194,-82.5271,71.55,53,0,16.37
20,Malanje,AO,2022-11-08 14:36:57,-9.5402,16.341,77.11,60,100,4.21
21,Ahuimanu,US,2022-11-08 14:36:58,21.4447,-157.8378,76.71,82,40,14.97
22,Koumac,NC,2022-11-08 14:36:58,-20.5667,164.2833,74.71,88,41,11.21
23,Ushtobe,KZ,2022-11-08 14:36:59,45.2514,77.9838,41.27,59,100,10.83
24,Xining,CN,2022-11-08 14:36:59,36.6167,101.7667,44.13,55,81,2.86
25,Necochea,AR,2022-11-08 14:36:59,-38.5473,-58.7368,78.75,29,10,16.22
26,Roma,US,2022-11-08 14:32:03,43.2128,-75.4557,45.73,66,0,11.5
27,Fairbanks,US,2022-11-08 14:35:02,64.8378,-147.7164,24.22,88,100,3.44
28,Alta Floresta,BR,2022-11-08 14:37:00,-9.8756,-56.0861,87.62,66,51,4.61
29,Sawtell,AU,2022-11-08 14:37:01,-30.3833,153.1,60.82,88,75,4.61
30,Caruray,PH,2022-11-08 14:37:01,10.3094,119.0128,79.72,87,100,6.11
31,Alto Araguaia,BR,2022-11-08 14:37:01,-17.3147,-53.2153,87.89,31,6,5.77
32,Bubaque,GW,2022-11-08 14:37:02,11.2833,-15.8333,83.41,45,90,4.43
33,New Norfolk,AU,2022-11-08 14:37:02,-42.7826,147.0587,58.91,55,100,0.6
34,Harnosand,SE,2022-11-08 14:37:03,62.6323,17.9379,37.0,75,68,2.21
35,Katsuura,JP,2022-11-08 14:37:03,35.1333,140.3,60.66,62,8,6.13
36,Mega,ET,2022-11-08 14:38:03,4.05,38.3,69.49,46,99,6.87
37,Georgetown,MY,2022-11-08 14:34:28,5.4112,100.3354,82.33,89,20,3.44
38,Mareeba,AU,2022-11-08 14:38:05,-17.0,145.4333,72.48,88,8,2.46
39,Khatanga,RU,2022-11-08 14:38:05,71.9667,102.5,-8.45,96,100,8.41
40,Nara,JP,2022-11-08 14:38:06,34.6851,135.8049,54.7,61,0,1.83
41,Litein,KE,2022-11-08 14:38:06,-0.5823,35.1903,60.85,81,100,4.14
42,Inta,RU,2022-11-08 14:38:07,66.0317,60.1659,26.17,97,100,7.14
43,Vangaindrano,MG,2022-11-08 14:38:07,-23.35,47.6,75.52,79,100,11.3
44,Fort Nelson,CA,2022-11-08 14:38:08,58.8053,-122.7002,-15.21,82,0,4.61
45,Araouane,ML,2022-11-08 14:38:08,18.9048,-3.5265,89.64,7,0,5.06
46,Belozerskoye,RU,2022-11-08 14:38:09,55.8214,65.5842,29.23,97,100,8.16
47,Alyangula,AU,2022-11-08 14:36:12,-13.8483,136.4192,81.91,75,36,9.62
48,Berlevag,NO,2022-11-08 14:37:31,70.8578,29.0864,35.55,93,100,4.61
49,Annau,TM,2022-11-08 14:38:10,37.8876,58.516,47.7,61,40,6.91
50,Walvis Bay,NA,2022-11-08 14:38:10,-22.9575,14.5053,72.55,60,0,10.36
51,San Patricio,US,2022-11-08 14:37:29,28.017,-97.5169,78.67,76,3,9.08
52,Doka,SD,2022-11-08 14:38:12,13.5167,35.7667,88.9,27,34,1.68
53,Sabang,ID,2022-11-08 14:38:12,5.8933,95.3214,81.18,74,100,1.83
54,Tumbes,PE,2022-11-08 14:38:13,-3.5667,-80.4414,71.37,75,99,7.18
55,Bondo,CD,2022-11-08 14:38:15,3.8146,23.6866,75.43,95,100,4.16
56,Turukhansk,RU,2022-11-08 14:37:26,65.8167,87.9833,20.5,96,100,11.72
57,Adelaide,AU,2022-11-08 14:38:15,-34.9333,138.6,79.11,39,0,14.97
58,Tabou,CI,2022-11-08 14:38:15,4.423,-7.3528,83.19,68,75,7.4
59,Dingle,PH,2022-11-08 14:38:16,10.9995,122.6711,77.32,92,99,7.02
60,Namatanai,PG,2022-11-08 14:38:17,-3.6667,152.4333,79.63,83,100,6.06
61,Benton Harbor,US,2022-11-08 14:38:17,42.1167,-86.4542,45.59,65,0,11.5
62,Kloulklubed,PW,2022-11-08 14:38:17,7.0419,134.2556,77.5,71,98,4.9
63,Suluova,TR,2022-11-08 14:38:18,40.8313,35.6479,51.66,87,75,8.05
64,Aksarka,RU,2022-11-08 14:38:18,66.5606,67.7975,17.08,97,100,0.67
65,Santa Rosa,PH,2022-11-08 14:38:19,14.3122,121.1114,80.58,80,98,7.56
66,Tarakan,ID,2022-11-08 14:38:19,3.3,117.6333,80.1,94,20,2.3
67,Esperance,AU,2022-11-08 14:38:20,-33.8667,121.9,58.19,75,90,8.88
68,Redmond,US,2022-11-08 14:38:21,47.674,-122.1215,38.35,94,97,1.99
69,Man,CI,2022-11-08 14:38:21,7.4125,-7.5538,89.69,35,25,4.94
70,Ixtapa,MX,2022-11-08 14:38:22,20.7,-105.2,75.22,94,0,3.44
71,Paamiut,GL,2022-11-08 14:38:22,61.994,-49.6678,16.77,56,20,6.78
72,Swift Current,CA,2022-11-08 14:38:22,50.2834,-107.8014,5.81,85,100,17.27
73,Innisfail,AU,2022-11-08 14:38:23,-17.5333,146.0333,72.57,81,47,3.56
74,Sibu,MY,2022-11-08 14:38:23,2.3,111.8167,77.31,94,40,3.44
75,Castro,BR,2022-11-08 14:33:41,-24.7911,-50.0119,67.01,50,58,4.09
76,Upernavik,GL,2022-11-08 14:38:24,72.7868,-56.1549,3.11,73,7,7.65
77,Hofn,IS,2022-11-08 14:38:25,64.2539,-15.2082,42.46,76,100,24.0
78,Tasiilaq,GL,2022-11-08 14:38:27,65.6145,-37.6368,30.36,88,100,4.68
79,Burgeo,CA,2022-11-08 14:38:28,47.6167,-57.6152,42.3,67,67,34.14
80,Abu Dhabi,AE,2022-11-08 14:37:02,24.4667,54.3667,89.71,58,0,6.91
81,Kodiak,US,2022-11-08 14:38:29,57.79,-152.4072,36.91,100,100,3.44
82,Hailar,CN,2022-11-08 14:39:29,49.2,119.7,25.72,76,100,6.69
83,Inhambane,MZ,2022-11-08 14:39:29,-23.865,35.3833,82.38,74,75,16.11
84,Trairi,BR,2022-11-08 14:39:07,-3.2778,-39.2689,87.51,49,98,14.47
85,Zhigalovo,RU,2022-11-08 14:39:30,54.8097,105.1578,15.35,97,64,3.15
86,Pauini,BR,2022-11-08 14:39:31,-7.7136,-66.9764,97.93,29,51,2.44
87,Bethanien,NA,2022-11-08 14:39:31,-26.502,17.1583,85.51,19,81,17.16
88,Luderitz,NA,2022-11-08 14:39:32,-26.6481,15.1594,66.97,66,77,17.2
89,Ust-Barguzin,RU,2022-11-08 14:39:32,53.45,108.9833,26.92,74,100,4.29
90,Vardo,NO,2022-11-08 14:39:33,70.3705,31.1107,39.18,81,75,9.22
91,Namibe,AO,2022-11-08 14:39:33,-15.1961,12.1522,79.43,69,0,13.8
92,Constitucion,CL,2022-11-08 14:39:35,-35.3333,-72.4167,59.63,71,100,6.67
93,Alofi,NU,2022-11-08 14:39:35,-19.0595,-169.9187,71.49,94,71,6.91
94,Cabedelo,BR,2022-11-08 14:37:18,-6.9811,-34.8339,86.67,57,100,10.87
95,Varkkallai,IN,2022-11-08 14:39:35,8.7341,76.7067,80.38,82,94,1.92
96,Kiama,AU,2022-11-08 14:39:36,-34.6833,150.8667,64.0,89,6,6.02
97,Skibbereen,IE,2022-11-08 14:39:36,51.55,-9.2667,56.1,83,49,20.02
98,Rio Gallegos,AR,2022-11-08 14:37:20,-51.6226,-69.2181,59.05,38,75,20.71
99,Mnogovershinnyy,RU,2022-11-08 14:39:37,53.9353,139.9242,11.39,92,25,4.76
100,Ugoofaaru,MV,2022-11-08 14:37:25,5.6667,73.0,81.32,76,24,10.94
101,Chapais,CA,2022-11-08 14:39:37,49.7834,-74.8492,28.18,78,100,13.8
102,Tuktoyaktuk,CA,2022-11-08 14:39:38,69.4541,-133.0374,12.2,73,100,17.27
103,Progreso,MX,2022-11-08 14:39:38,21.2833,-89.6667,81.1,64,47,11.56
104,Maan,PH,2022-11-08 14:39:38,5.9339,124.7356,79.59,85,100,3.0
105,Benghazi,LY,2022-11-08 14:39:40,32.1167,20.0667,71.35,62,28,14.52
106,Nyuzen,JP,2022-11-08 14:39:40,36.9333,137.5,48.47,64,75,3.53
107,Mtambile,TZ,2022-11-08 14:39:40,-5.3833,39.7,79.68,78,0,11.5
108,Mori,JP,2022-11-08 14:39:41,34.8333,137.9333,54.95,60,0,5.08
109,Kushmurun,KZ,2022-11-08 14:39:41,52.4503,64.6311,29.52,97,100,7.43
110,Nsukka,NG,2022-11-08 14:39:41,6.8561,7.3927,89.73,33,100,3.51
111,Rio Grande,BR,2022-11-08 14:39:42,-32.035,-52.0986,75.31,60,7,14.76
112,North Bend,US,2022-11-08 14:39:43,43.4065,-124.2243,42.85,97,75,0.0
113,Fort Wellington,GY,2022-11-08 14:39:43,6.4,-57.6,83.39,73,83,4.18
114,Castrovillari,IT,2022-11-08 14:39:44,39.8203,16.2123,66.29,69,7,2.39
115,Hamilton,US,2022-11-08 14:35:02,39.1834,-84.5333,50.23,61,0,13.8
116,Buala,SB,2022-11-08 14:39:45,-8.145,159.5921,78.96,83,100,2.01
117,Oranjemund,NA,2022-11-08 14:39:45,-28.55,16.4333,64.85,73,20,14.5
118,Grand Gaube,MU,2022-11-08 14:39:46,-20.0064,57.6608,76.37,66,90,5.99
119,Alice Springs,AU,2022-11-08 14:39:46,-23.7,133.8833,81.95,34,100,13.8
120,Tecoanapa,MX,2022-11-08 14:39:47,16.5167,-98.75,80.37,79,35,2.15
121,Atyrau,KZ,2022-11-08 14:39:47,47.1167,51.8833,35.62,75,75,8.95
122,Ust-Nera,RU,2022-11-08 14:39:48,64.5667,143.2,-18.51,99,99,3.13
123,Fort Payne,US,2022-11-08 14:39:48,34.4442,-85.7197,72.21,63,40,9.22
124,Reconquista,AR,2022-11-08 14:39:48,-29.15,-59.65,81.88,22,0,10.04
125,Jutai,BR,2022-11-08 14:39:50,-5.1833,-68.9,93.43,42,18,1.74
126,Alugan,PH,2022-11-08 14:39:50,12.2188,125.4808,81.05,87,99,10.09
127,Charters Towers,AU,2022-11-08 14:39:51,-20.1,146.2667,69.35,76,1,11.95
128,Beira,MZ,2022-11-08 14:40:52,-19.8436,34.8389,84.29,65,75,17.27
129,Xifeng,CN,2022-11-08 14:40:52,42.7372,124.7222,43.9,51,26,14.0
130,Nuuk,GL,2022-11-08 14:40:53,64.1835,-51.7216,18.21,67,0,21.85
131,Roswell,US,2022-11-08 14:36:10,34.0232,-84.3616,73.18,65,75,8.05
132,Morondava,MG,2022-11-08 14:36:47,-20.2833,44.2833,82.72,68,1,5.28
133,Plettenberg Bay,ZA,2022-11-08 14:40:53,-34.0527,23.3716,65.19,66,96,4.79
134,Borazjan,IR,2022-11-08 14:40:54,29.2666,51.2159,80.6,35,100,5.39
135,Canberra,AU,2022-11-08 14:36:33,-35.2835,149.1281,53.58,93,100,3.44
136,Sungaipenuh,ID,2022-11-08 14:40:55,-2.0833,101.3833,65.84,97,100,1.5
137,Saint-Philippe,RE,2022-11-08 14:40:55,-21.3585,55.7679,74.79,78,47,9.71
138,Soller,ES,2022-11-08 14:40:56,39.7662,2.7152,75.85,67,87,4.0
139,Saint-Augustin,CA,2022-11-08 14:40:57,51.226,-58.6502,41.45,62,100,24.61
140,Nishihara,JP,2022-11-08 14:40:57,26.1842,127.7558,74.48,74,20,10.36
141,Dolores,AR,2022-11-08 14:40:58,-36.3132,-57.6792,78.51,26,0,15.14
142,Geraldton,AU,2022-11-08 14:40:59,-28.7667,114.6,63.01,77,75,6.91
143,Pitimbu,BR,2022-11-08 14:40:59,-7.4706,-34.8086,86.59,56,56,10.13
144,Karaton,ID,2022-11-08 14:41:00,-6.3424,106.1045,74.25,93,100,2.82
145,Lazaro Cardenas,MX,2022-11-08 14:41:01,17.9583,-102.2,79.84,79,70,2.75
146,Krasnoborsk,RU,2022-11-08 14:41:02,61.5598,45.934,34.92,97,100,5.44
147,Piacabucu,BR,2022-11-08 14:41:03,-10.4056,-36.4344,84.13,60,21,10.45
148,Matara,LK,2022-11-08 14:39:53,5.9485,80.5353,77.67,85,95,3.09
149,Bonavista,CA,2022-11-08 14:41:04,48.6499,-53.1147,45.01,63,7,30.96
150,Nizhnyaya Tavda,RU,2022-11-08 14:41:04,57.6731,66.1725,28.89,98,100,6.35
151,Auchel,FR,2022-11-08 14:41:05,50.5034,2.4735,60.44,70,100,21.85
152,Arkhangelskoye,RU,2022-11-08 14:41:05,55.8549,35.3287,40.91,94,100,10.0
153,Lalibela,ET,2022-11-08 14:41:06,12.0333,39.0333,66.31,42,100,7.94
154,Puerto Madero,MX,2022-11-08 14:41:07,14.7208,-92.4215,80.22,74,75,3.33
155,Barcelos,PT,2022-11-08 14:41:07,41.5388,-8.6151,62.74,82,100,6.78
156,Roebourne,AU,2022-11-08 14:41:08,-20.7833,117.1333,72.57,63,0,17.94
157,Makat,KZ,2022-11-08 14:41:09,47.6469,53.3463,37.78,66,100,3.74
158,Baikunthpur,IN,2022-11-08 14:41:11,23.25,82.55,64.92,58,77,3.33
159,Zhigansk,RU,2022-11-08 14:41:11,66.7697,123.3711,-13.0,96,93,7.92
160,Mulchen,CL,2022-11-08 14:41:12,-37.7167,-72.2333,69.66,32,98,5.84
161,Sur,OM,2022-11-08 14:41:13,22.5667,59.5289,83.12,58,72,5.84
162,Rabo De Peixe,PT,2022-11-08 14:41:14,37.8,-25.5833,67.28,97,20,14.97
163,Okhotsk,RU,2022-11-08 14:41:15,59.3833,143.3,2.61,73,0,19.06
164,Mehamn,NO,2022-11-08 14:41:15,71.0357,27.8492,35.51,100,75,4.61
165,Isangel,VU,2022-11-08 14:41:16,-19.55,169.2667,77.27,88,56,13.56
166,Las Palmas,ES,2022-11-08 14:41:17,28.4204,-14.0131,72.39,73,0,10.36
167,Kuala Kangsar,MY,2022-11-08 14:41:17,4.7667,100.9333,76.95,98,67,2.35
168,Kawalu,ID,2022-11-08 14:41:18,-7.3817,108.2082,72.82,97,100,0.65
169,Torrelavega,ES,2022-11-08 14:41:19,43.3494,-4.0479,64.06,80,100,3.0
170,Djambala,CG,2022-11-08 14:41:19,-2.5447,14.7533,76.14,77,95,0.27
171,Mehran,IR,2022-11-08 14:41:20,33.1222,46.1646,72.99,20,82,1.41
172,Bowen,AU,2022-11-08 14:41:20,-20.0167,148.2333,74.41,72,6,14.38
173,Igrim,RU,2022-11-08 14:42:21,63.1906,64.4162,18.86,99,77,2.84
174,Port Blair,IN,2022-11-08 14:42:21,11.6667,92.75,78.84,89,100,6.91
175,Lugovoy,KZ,2022-11-08 14:42:22,42.9472,72.7644,37.6,95,100,8.68
176,Nouadhibou,MR,2022-11-08 14:42:22,20.931,-17.0347,78.78,57,47,11.5
177,Mayor Pablo Lagerenza,PY,2022-11-08 14:42:23,-19.9309,-60.7718,96.62,17,20,5.59
178,Ortona,IT,2022-11-08 14:42:24,42.3496,14.4039,65.39,67,61,5.95
179,Taoudenni,ML,2022-11-08 14:42:24,22.6783,-3.9836,88.59,10,0,5.79
180,Cidreira,BR,2022-11-08 14:42:26,-30.1811,-50.2056,63.0,84,100,13.04
181,Arman,RU,2022-11-08 14:42:26,59.7,150.1667,5.02,90,100,5.17
182,Teknaf,BD,2022-11-08 14:42:27,20.8624,92.3058,74.5,82,15,7.36
183,Wanning,CN,2022-11-08 14:42:27,18.8003,110.3967,74.71,92,89,7.92
184,Ewa Beach,US,2022-11-08 14:42:30,21.3156,-158.0072,76.95,76,0,14.97
185,Giyani,ZA,2022-11-08 14:42:31,-23.3025,30.7187,81.32,55,93,3.74
186,Beyneu,KZ,2022-11-08 14:37:54,45.3167,55.2,38.53,64,96,5.53
187,Kurchum,KZ,2022-11-08 14:42:31,48.5722,83.6542,44.73,66,100,8.48
188,Yeppoon,AU,2022-11-08 14:42:32,-23.1333,150.7333,65.98,69,6,15.55
189,Wawina,HN,2022-11-08 14:42:32,15.4167,-84.4333,83.53,63,3,7.0
190,Henties Bay,NA,2022-11-08 14:38:36,-22.116,14.2845,66.29,75,9,9.75
191,Great Bend,US,2022-11-08 14:40:03,38.3645,-98.7648,61.61,98,100,19.57
192,Sapa,PH,2022-11-08 14:42:33,5.1544,120.3241,80.38,79,96,3.09
193,Byron Bay,AU,2022-11-08 14:38:21,-28.65,153.6167,55.94,74,7,6.62
194,Pedernales,DO,2022-11-08 14:42:34,18.0384,-71.744,81.12,56,3,3.67
195,Ahipara,NZ,2022-11-08 14:42:34,-35.1667,173.1667,56.97,96,21,7.02
196,Havelock,US,2022-11-08 14:38:32,34.8791,-76.9013,66.97,61,0,32.21
197,Rosa Zarate,EC,2022-11-08 14:42:35,0.3333,-79.4667,78.78,69,98,2.26
198,Kajaani,FI,2022-11-08 14:42:35,64.2273,27.7285,32.05,100,100,4.61
199,Bontang,ID,2022-11-08 14:42:36,0.1333,117.5,77.72,88,94,4.92
200,Umred,IN,2022-11-08 14:42:36,20.85,79.3333,71.89,51,2,2.89
201,Khasan,RU,2022-11-08 14:42:37,42.4308,130.6434,44.91,62,27,4.45
202,Penalva,BR,2022-11-08 14:42:37,-3.2942,-45.1736,80.28,84,100,3.65
203,Gamba,GA,2022-11-08 14:42:38,-2.65,10.0,77.61,88,100,8.28
204,Metro,ID,2022-11-08 14:42:23,-5.1131,105.3067,75.85,91,100,0.56
205,Hirara,JP,2022-11-08 14:39:18,24.8,125.2833,77.49,79,14,19.48
206,Veraval,IN,2022-11-08 14:40:13,20.9,70.3667,79.02,66,0,10.47
207,Alacranes,CU,2022-11-08 14:42:38,22.7675,-81.5675,73.89,67,28,12.82
208,Sitka,US,2022-11-08 14:42:39,57.0531,-135.33,28.29,59,0,4.61
209,Camana,PE,2022-11-08 14:42:39,-16.6228,-72.7111,68.14,70,45,8.59
210,Kyzyl-Suu,KG,2022-11-08 14:42:40,42.3414,78.0056,32.94,90,100,8.37
211,Clyde River,CA,2022-11-08 14:42:40,70.4692,-68.5914,14.23,85,100,17.27
212,Karratha,AU,2022-11-08 14:42:41,-20.7377,116.8463,72.7,66,0,18.16
213,Coquimbo,CL,2022-11-08 14:42:42,-29.9533,-71.3436,58.73,88,100,5.75
214,Aksu,CN,2022-11-08 14:42:42,41.1231,80.2644,47.84,34,100,1.5
215,Horsham,GB,2022-11-08 14:42:43,51.064,-0.3272,55.92,87,40,12.66
216,Marzuq,YE,2022-11-08 14:42:44,14.4,46.4667,73.4,55,1,10.6
217,Chekhov,RU,2022-11-08 14:42:45,55.1431,37.4711,41.14,96,100,9.19
218,Pemangkat,ID,2022-11-08 14:43:46,1.1667,108.9667,78.62,83,100,2.15
219,Camacha,PT,2022-11-08 14:43:46,33.0833,-16.3333,69.22,78,40,6.91
220,Bilibino,RU,2022-11-08 14:43:47,68.0546,166.4372,-7.37,88,10,4.45
221,San Quintin,MX,2022-11-08 14:39:52,30.4833,-115.95,61.83,89,2,1.68
222,Poum,NC,2022-11-08 14:43:47,-20.2333,164.0167,76.87,82,29,15.64
223,Narsaq,GL,2022-11-08 14:43:48,60.9167,-46.05,25.02,67,34,7.45
224,Savelugu,GH,2022-11-08 14:43:48,9.6244,-0.8253,97.34,17,58,4.25
225,Faya,SA,2022-11-08 14:43:49,18.3851,42.4509,71.71,65,15,8.41
226,Severo-Kurilsk,RU,2022-11-08 14:39:51,50.6789,156.125,34.66,95,97,10.04
227,Yinchuan,CN,2022-11-08 14:43:50,38.4681,106.2731,50.2,55,9,2.77
228,Saint-Georges,GD,2022-11-08 14:40:27,12.0564,-61.7485,85.68,79,75,9.22
229,Hobyo,SO,2022-11-08 14:43:50,5.3505,48.5268,81.52,70,0,10.4
230,Qaqortoq,GL,2022-11-08 14:43:51,60.7167,-46.0333,23.88,71,37,7.85
231,Leningradskiy,RU,2022-11-08 14:43:51,69.3833,178.4167,19.27,93,100,24.9
232,Okha,RU,2022-11-08 14:43:52,53.5739,142.9478,23.2,76,53,13.04
233,Bereda,ES,2022-11-08 14:43:53,43.2686,-7.5406,62.42,86,25,9.64
234,Meulaboh,ID,2022-11-08 14:43:53,4.1363,96.1285,78.03,85,100,1.72
235,Toktogul,KG,2022-11-08 14:43:54,41.8708,72.9402,40.06,92,100,4.61
236,Caxito,AO,2022-11-08 14:43:55,-8.5785,13.6643,86.13,57,100,9.89
237,Vung Tau,VN,2022-11-08 14:43:55,10.346,107.0843,79.75,78,45,8.43
238,Santa Ana,US,2022-11-08 14:39:36,33.7456,-117.8678,63.28,95,100,13.8
239,Fayaoue,NC,2022-11-08 14:43:56,-20.65,166.5333,78.04,80,100,14.05
240,Kalaleh,IR,2022-11-08 14:43:56,37.3807,55.4916,55.76,62,0,6.91
241,Wadena,US,2022-11-08 14:43:56,46.4425,-95.1361,38.95,65,100,21.85
242,Manzanillo,CU,2022-11-08 14:43:57,20.3433,-77.1167,80.69,67,0,3.67
243,Goderich,CA,2022-11-08 14:43:42,43.7501,-81.7165,41.92,70,2,10.36
244,Yuanping,CN,2022-11-08 14:43:58,38.7153,112.7575,48.34,39,100,0.98
245,Krasnoarmeysk,RU,2022-11-08 14:43:59,51.0239,45.6969,37.02,68,97,6.71
246,Sulina,RO,2022-11-08 14:43:59,45.1559,29.6536,50.68,71,70,7.09
247,Souillac,MU,2022-11-08 14:44:00,-20.5167,57.5167,75.58,73,40,9.22
248,Martapura,ID,2022-11-08 14:44:00,-3.4167,114.85,75.52,93,100,1.97
249,Porto Novo,BJ,2022-11-08 14:44:02,6.4965,2.6036,87.62,60,100,10.8
250,San Pedro,PH,2022-11-08 14:44:02,14.35,121.0167,79.83,81,20,3.44
251,San Cristobal,VE,2022-11-08 14:44:03,7.7669,-72.225,71.78,66,79,3.31
252,Oistins,BB,2022-11-08 14:39:58,13.0667,-59.5333,87.89,66,40,18.41
253,Umm Kaddadah,SD,2022-11-08 14:44:04,13.6017,26.6876,88.38,13,3,12.86
254,Bilma,NE,2022-11-08 14:44:04,18.6853,12.9164,86.83,12,13,6.08
255,Kamenka,RU,2022-11-08 14:44:05,51.3223,42.7678,36.9,74,100,7.47
256,Erzin,TR,2022-11-08 14:44:06,36.9559,36.2,61.07,67,44,7.58
257,Lagunas,PE,2022-11-08 14:44:07,-5.2269,-75.6753,95.79,36,62,1.16
258,Arlit,NE,2022-11-08 14:44:07,18.7369,7.3853,88.52,9,0,6.87
259,Mamallapuram,IN,2022-11-08 14:44:08,12.6264,80.1722,78.85,79,91,12.08
260,Monteiro,BR,2022-11-08 14:44:09,-7.8894,-37.12,86.09,36,27,10.38
261,Yatou,CN,2022-11-08 14:44:09,37.15,122.3833,53.28,88,24,6.02
262,Gonaives,HT,2022-11-08 14:44:10,19.45,-72.6833,83.71,61,0,6.17
263,Ler,SS,2022-11-08 14:44:12,8.3018,30.1418,88.79,35,100,3.96
264,Ilebo,CD,2022-11-08 14:45:12,-4.3167,20.5833,74.84,95,99,2.01
265,San Pedro De Macoris,DO,2022-11-08 14:41:00,18.4616,-69.2972,84.81,73,18,10.63
266,Esmeraldas,BR,2022-11-08 14:45:13,-19.7625,-44.3139,78.04,55,92,7.02
267,Xinmin,CN,2022-11-08 14:45:15,41.9908,122.8253,48.6,70,62,16.28
268,Eyrarbakki,IS,2022-11-08 14:45:16,63.863,-21.1481,44.2,64,100,21.52
269,Pleasanton,US,2022-11-08 14:45:16,37.6624,-121.8747,47.23,93,100,4.61
270,Longyearbyen,SJ,2022-11-08 14:45:17,78.2186,15.6401,19.24,79,75,9.22
271,Nago,JP,2022-11-08 14:45:18,26.5881,127.9761,74.25,74,84,11.79
272,Tocopilla,CL,2022-11-08 14:45:19,-22.092,-70.1979,69.03,60,6,7.25
273,Kruisfontein,ZA,2022-11-08 14:45:19,-34.0033,24.7314,69.89,61,99,9.86
274,Muros,ES,2022-11-08 14:45:20,42.7762,-9.0603,63.09,77,78,17.34
275,Batemans Bay,AU,2022-11-08 14:45:20,-35.7167,150.1833,55.04,93,2,3.78
276,Rawson,AR,2022-11-08 14:45:21,-43.3002,-65.1023,71.73,40,100,7.02
277,Vila Velha,BR,2022-11-08 14:42:27,-20.3297,-40.2925,80.55,72,40,8.05
278,Quatre Cocos,MU,2022-11-08 14:45:22,-20.2078,57.7625,76.08,71,71,12.64
279,Bairiki,KI,2022-11-08 14:45:22,1.3292,172.9752,77.0,83,20,5.75
280,Znamenskoye,RU,2022-11-08 14:45:24,57.1281,73.8282,26.31,89,100,6.29
281,Luau,AO,2022-11-08 14:45:24,-10.7073,22.2247,72.05,82,89,2.66
282,Srisailam,IN,2022-11-08 14:42:18,16.0833,78.8667,67.95,79,1,3.27
283,Chivilcoy,AR,2022-11-08 14:45:25,-34.8957,-60.0167,81.45,17,14,13.94
284,Sorrento,IT,2022-11-08 14:45:25,40.626,14.3744,68.65,79,0,0.0
285,Naro,IT,2022-11-08 14:45:27,37.2935,13.7936,67.24,55,61,5.39
286,Vilcun,CL,2022-11-08 14:45:27,-38.65,-72.2333,63.34,41,100,3.22
287,Tutoia,BR,2022-11-08 14:45:28,-2.7619,-42.2744,84.7,60,100,14.23
288,Isoka,ZM,2022-11-08 14:45:29,-10.1606,32.6335,81.72,35,92,4.09
289,Balakhninskiy,RU,2022-11-08 14:45:31,58.0106,114.2769,13.87,98,100,2.86
290,Verkhnyaya Inta,RU,2022-11-08 14:45:32,65.9811,60.3094,25.56,97,100,6.2
291,Tuensang,IN,2022-11-08 14:45:33,26.2833,94.8333,58.8,95,2,2.77
292,Tucuman,AR,2022-11-08 14:43:44,-26.8241,-65.2226,80.6,32,14,6.91
293,Asheboro,US,2022-11-08 14:45:35,35.7079,-79.8136,62.22,33,0,8.05
294,Honningsvag,NO,2022-11-08 14:45:35,70.9821,25.9704,37.15,93,75,3.44
295,Dakar,SN,2022-11-08 14:45:36,14.6937,-17.4441,86.88,79,20,13.8
296,Praya,CV,2022-11-08 14:42:25,14.9215,-23.5087,86.54,42,0,20.71
297,La Rioja,ES,2022-11-08 14:44:38,42.25,-2.5,55.18,62,100,3.94
298,Diamantino,BR,2022-11-08 14:45:37,-14.4086,-56.4461,96.42,23,0,1.54
299,San Carlos De Bariloche,AR,2022-11-08 14:41:54,-41.1456,-71.3082,62.35,48,75,6.91
300,Sarakhs,IR,2022-11-08 14:45:37,36.5449,61.1577,44.74,81,75,6.91
301,Kozan,TR,2022-11-08 14:45:38,37.4552,35.8157,62.71,56,65,3.33
302,Chateau-Gontier,FR,2022-11-08 14:45:38,47.8333,-0.7,62.76,72,100,18.66
303,Aguie,NE,2022-11-08 14:45:39,13.506,7.7786,92.82,12,98,6.51
304,Simao,CN,2022-11-08 14:45:41,22.7886,100.9748,56.52,73,2,1.9
305,Ituporanga,BR,2022-11-08 14:45:41,-27.4144,-49.6025,74.26,40,50,2.55
306,San Carlos Del Zulia,VE,2022-11-08 14:45:42,9.0,-71.9135,79.54,80,100,6.04
307,Aklavik,CA,2022-11-08 14:45:42,68.2191,-135.0107,10.26,88,100,8.3
308,Raymond,US,2022-11-08 14:45:43,43.9015,-70.4703,47.34,41,2,14.27
309,La Ronge,CA,2022-11-08 14:45:43,55.1001,-105.2842,12.45,85,100,11.5
310,Boke,GN,2022-11-08 14:45:44,10.9409,-14.2967,94.46,37,94,2.95
311,Lompoc,US,2022-11-08 14:45:02,34.6391,-120.4579,54.79,97,100,14.97
312,Krasnoselkup,RU,2022-11-08 14:45:45,65.7,82.4667,23.25,96,100,12.12
313,Auki,SB,2022-11-08 14:45:46,-8.7676,160.7034,76.42,91,100,5.44
314,Hualmay,PE,2022-11-08 14:46:46,-11.0964,-77.6139,66.74,77,35,7.45
315,Severnyy,RU,2022-11-08 14:46:46,50.677,36.5532,32.04,100,100,4.47
316,Dong Xoai,VN,2022-11-08 14:46:47,11.5333,106.9167,74.25,94,100,3.4
317,Grande Prairie,CA,2022-11-08 14:46:47,55.1667,-118.8027,-7.42,77,20,2.3
318,Pierre,US,2022-11-08 14:46:48,44.3683,-100.351,43.86,60,100,13.8
319,Mananjary,MG,2022-11-08 14:46:48,-21.2167,48.3333,75.78,76,70,9.73
320,Quballat,TN,2022-11-08 14:46:48,36.5418,9.6633,80.15,18,0,4.12
321,Kaitangata,NZ,2022-11-08 14:46:49,-46.2817,169.8464,47.57,95,73,4.21
322,Balykshi,KZ,2022-11-08 14:46:49,47.0667,51.8667,35.6,75,75,8.95
323,Monchique,PT,2022-11-08 14:46:50,37.3177,-8.5553,64.15,63,96,10.36
324,Nizwa,OM,2022-11-08 14:46:50,22.9333,57.5333,83.75,29,96,1.72
325,Puerto Leguizamo,CO,2022-11-08 14:46:51,-0.1934,-74.7819,85.39,69,65,1.57
326,Catumbela,AO,2022-11-08 14:46:51,-12.4314,13.5472,79.57,74,10,10.25
327,The Valley,AI,2022-11-08 14:42:57,18.217,-63.0578,82.09,78,75,12.66
328,Sept-Iles,CA,2022-11-08 14:42:20,50.2001,-66.3821,41.05,59,75,24.16
329,Mizdah,LY,2022-11-08 14:46:52,31.4451,12.9801,71.8,25,0,2.17
330,Alexandria,EG,2022-11-08 14:45:48,31.2156,29.9553,73.94,60,40,9.22
331,Zemio,CF,2022-11-08 14:46:53,5.0314,25.1361,76.73,84,90,3.87
332,Diffa,NE,2022-11-08 14:46:53,13.3154,12.6113,93.54,13,5,11.1
333,Sorong,ID,2022-11-08 14:46:53,-0.8833,131.25,79.16,85,100,9.06
334,Bandarbeyla,SO,2022-11-08 14:46:54,9.4942,50.8122,79.68,74,0,7.85
335,Nantong,CN,2022-11-08 14:46:54,32.0303,120.8747,62.01,95,0,9.13
336,Kudahuvadhoo,MV,2022-11-08 14:46:55,2.6708,72.8944,81.88,77,12,12.28
337,Yenagoa,NG,2022-11-08 14:46:55,4.9247,6.2642,86.32,64,90,6.29
338,Antalaha,MG,2022-11-08 14:46:56,-14.9003,50.2788,74.61,76,29,9.33
339,Pedasi,PA,2022-11-08 14:46:56,7.5333,-80.0333,78.06,82,98,12.41
340,Porbandar,IN,2022-11-08 14:46:57,21.6422,69.6093,80.58,61,20,9.22
341,Vrangel,RU,2022-11-08 14:46:58,42.7297,133.0839,42.75,65,3,3.78
342,Mujiayingzi,CN,2022-11-08 14:46:58,42.1167,118.7833,42.64,25,95,8.23
343,Slyudyanka,RU,2022-11-08 14:46:59,51.6594,103.7061,27.77,93,100,2.71
344,Tricase,IT,2022-11-08 14:47:00,39.9304,18.3553,66.13,77,75,3.44
345,Les Cayes,HT,2022-11-08 14:47:02,18.2,-73.75,82.22,65,2,4.65
346,Linxia,CN,2022-11-08 14:47:03,35.6003,103.2064,47.88,63,30,0.78
347,Qandala,SO,2022-11-08 14:47:04,11.472,49.8728,80.65,80,25,6.53
348,Yagoua,CM,2022-11-08 14:47:05,10.3411,15.2329,98.33,15,55,7.09
349,Palmer,US,2022-11-08 14:47:05,42.1584,-72.3287,50.63,46,20,11.5
350,Lavrentiya,RU,2022-11-08 14:47:06,65.5833,-171.0,29.05,94,100,11.43
351,Paso De Los Toros,UY,2022-11-08 14:47:06,-32.8167,-56.5167,72.46,44,0,14.29
352,Vostok,RU,2022-11-08 14:47:07,46.4856,135.8833,24.39,84,11,5.12
353,Tazovskiy,RU,2022-11-08 14:47:07,67.4667,78.7,11.19,95,100,10.69
354,Laguna,US,2022-11-08 14:47:08,38.421,-121.4238,49.75,92,100,6.91
355,Mayo,US,2022-11-08 14:47:08,38.8876,-76.5119,54.21,56,0,16.11
356,Beloha,MG,2022-11-08 14:47:09,-25.1667,45.05,81.21,56,14,13.56
357,Saint-Francois,FR,2022-11-08 14:47:09,46.4154,3.9054,63.84,63,0,11.5
358,Villa Bruzual,VE,2022-11-08 14:48:10,9.3328,-69.1208,84.56,69,100,3.02
359,Bafq,IR,2022-11-08 14:48:10,31.6128,55.4107,60.8,31,0,7.65
360,Izhma,RU,2022-11-08 14:48:11,65.0083,53.9113,32.92,100,100,2.28
361,Kaluga,RU,2022-11-08 14:48:11,54.5,35.5,39.51,92,99,10.98
362,Urumqi,CN,2022-11-08 14:48:01,43.801,87.6005,40.15,70,83,4.47
363,Opuwo,NA,2022-11-08 14:44:08,-18.0607,13.84,90.9,12,0,11.05
364,Lukulu,ZM,2022-11-08 14:48:12,-14.3707,23.242,82.2,45,98,2.86
365,Joshimath,IN,2022-11-08 14:48:13,30.5667,79.5667,50.31,64,39,5.14
366,Kurumkan,RU,2022-11-08 14:48:14,54.3,110.3,19.99,81,46,5.26
367,Pyapon,MM,2022-11-08 14:48:14,16.2833,95.6833,75.7,74,100,3.56
368,Sao Gabriel Da Cachoeira,BR,2022-11-08 14:48:15,-0.1303,-67.0892,82.2,78,0,3.44
369,Kontagora,NG,2022-11-08 14:48:16,10.3999,5.4695,95.52,18,96,4.09
370,Kasongo-Lunda,CD,2022-11-08 14:48:17,-6.4667,16.8167,78.4,88,100,2.82
371,Princeton,US,2022-11-08 14:45:49,25.5384,-80.4089,83.01,74,0,10.36
372,Jacareacanga,BR,2022-11-08 14:48:18,-6.2222,-57.7528,93.88,41,100,2.82
373,Swan Hill,AU,2022-11-08 14:48:18,-35.3378,143.5544,63.93,65,0,7.49
374,Kantunilkin,MX,2022-11-08 14:48:19,21.0917,-87.45,82.96,57,1,5.44
375,Linxi,CN,2022-11-08 14:48:20,39.7,118.4333,48.34,62,78,3.6
376,Sinnamary,GF,2022-11-08 14:48:20,5.3833,-52.95,83.39,67,100,5.48
377,Pavino,RU,2022-11-08 14:48:21,59.1139,46.1414,34.16,98,100,8.41
378,Muzhi,RU,2022-11-08 14:48:22,65.3667,64.6667,20.44,92,100,3.0
379,Hami,CN,2022-11-08 14:48:22,42.8,93.45,48.0,28,7,7.43
380,Tongzi,CN,2022-11-08 14:48:23,28.7829,105.0877,64.9,84,27,3.89
381,Carutapera,BR,2022-11-08 14:48:23,-1.195,-46.02,80.85,86,63,9.13
382,Richards Bay,ZA,2022-11-08 14:48:24,-28.783,32.0377,69.76,96,100,4.74
383,Bhimunipatnam,IN,2022-11-08 14:48:26,17.8833,83.4333,78.31,70,3,5.75
384,Oranjestad,AW,2022-11-08 14:47:41,12.524,-70.027,84.9,79,40,4.61
385,Khani,GE,2022-11-08 14:48:26,41.9563,42.9566,47.77,71,100,2.48
386,Chicama,PE,2022-11-08 14:48:27,-7.8447,-79.1469,59.54,69,63,8.05
387,Khandbari,NP,2022-11-08 14:48:28,27.3747,87.2039,61.07,87,80,1.54
388,Kpandae,GH,2022-11-08 14:48:28,8.4689,-0.0113,94.73,26,50,4.94
389,Killybegs,IE,2022-11-08 14:48:29,54.6333,-8.45,49.71,75,97,15.93
390,Nha Trang,VN,2022-11-08 14:48:29,12.25,109.1833,78.8,90,29,7.43
391,Maltahohe,NA,2022-11-08 14:48:30,-24.8333,16.9833,81.32,24,83,12.08
392,Llandrindod Wells,GB,2022-11-08 14:48:30,52.2416,-3.3787,52.38,88,92,23.42
393,Lazarev,RU,2022-11-08 14:48:32,52.225,141.5131,29.12,72,1,12.73
394,Hovd,MN,2022-11-08 14:48:33,48.0056,91.6419,37.29,55,86,7.27
395,Yaan,NG,2022-11-08 14:48:33,7.3833,8.5667,93.67,24,96,3.85
396,Endicott,US,2022-11-08 14:48:34,42.0984,-76.0494,47.95,69,40,14.97
397,Olmos,PE,2022-11-08 14:48:35,-5.9847,-79.7453,78.22,51,63,6.15
398,Mizan Teferi,ET,2022-11-08 14:48:35,6.9833,35.5833,64.9,86,94,1.16
399,Tilichiki,RU,2022-11-08 14:48:36,60.4667,166.1,10.36,91,100,4.07
400,Mildura,AU,2022-11-08 14:48:37,-34.2,142.15,67.06,63,17,10.65
401,Valparaiso,CL,2022-11-08 14:44:27,-33.0393,-71.6273,64.0,95,100,9.22
402,Moron,AR,2022-11-08 14:48:38,-34.6534,-58.6198,75.96,51,0,10.6
403,Izmit,TR,2022-11-08 14:44:58,40.7669,29.9169,58.98,64,40,8.05
404,Nanchang,CN,2022-11-08 14:49:38,28.6833,115.8833,71.31,48,92,3.83
405,Otse,BW,2022-11-08 14:49:39,-25.0167,25.7333,76.26,36,8,10.96
406,Pochutla,MX,2022-11-08 14:49:39,15.7432,-96.4661,81.82,70,25,1.48
407,Nicoya,CR,2022-11-08 14:49:41,10.1483,-85.452,80.04,82,94,3.09
408,Dubrovnik,HR,2022-11-08 14:49:41,42.6481,18.0922,64.04,63,0,5.75
409,Nur,PL,2022-11-08 14:49:42,52.6683,22.3221,49.01,85,64,7.56
410,Nome,US,2022-11-08 14:49:43,64.5011,-165.4064,37.47,82,100,24.16
